COMBINE ST & NAME,total pymts,,Lot,Total Paid,DIFF,,Roads,SewerTransmission,SewerCapacity,Parks,Stormwater,OpenSpace,chk
2269 Shaker Run Road,4399.69,,"2269 Shaker Run Road  Lexington, KY",$996.66 ,"$3,403.03 ",,1359,957.71,631.98,175,1276,,0
2204 Dunhill Lane,4399.66,,"2204 Dunhill Lane  Lexington, KY",$996.66 ,"$3,403.00 ",,1359,957.68,631.98,175,1276,,0
2205 Dunhill Lane,4399.66,,"2205 Dunhill Lane  Lexington, KY",$996.66 ,"$3,403.00 ",,1359,957.68,631.98,175,1276,,0
3065 Polo Club Boulevard,4399.66,,"3065 Polo Club Boulevard  Lexington, KY",$996.66 ,"$3,403.00 ",,1359,957.68,631.98,175,1276,,0
3073 Polo Club Boulevard,4399.66,,"3073 Polo Club Boulevard  Lexington, KY",$996.66 ,"$3,403.00 ",,1359,957.68,631.98,175,1276,,0
3216 Polo Club Boulevard,4399.66,,"3216 Polo Club Boulevard  Lexington, KY",$996.66 ,"$3,403.00 ",,1359,957.68,631.98,175,1276,,0
2205 Barrington Lane,3731.38,,"2205 Barrington Lane  Lexington, KY",$845.39 ,"$2,885.99 ",,1153,812.32,536.06,148,1082,,0
2217 Blackmoor Park Lane,3731.38,,"2217 Blackmoor Park Lane  Lexington, KY",$845.39 ,"$2,885.99 ",,1153,812.32,536.06,148,1082,,0
2221 Blackmoor Park Lane,3731.38,,"2221 Blackmoor Park Lane  Lexington, KY",$845.39 ,"$2,885.99 ",,1153,812.32,536.06,148,1082,,0
2244 Blackmoor Park Lane,3731.38,,"2244 Blackmoor Park Lane  Lexington, KY",$845.39 ,"$2,885.99 ",,1153,812.32,536.06,148,1082,,0
3024 Polo Club Boulevard,3731.38,,"3024 Polo Club Boulevard  Lexington, KY",$845.39 ,"$2,885.99 ",,1153,812.32,536.06,148,1082,,0
3048 Polo Club Boulevard,3731.38,,"3048 Polo Club Boulevard  Lexington, KY",$845.39 ,"$2,885.99 ",,1153,812.32,536.06,148,1082,,0
3058 Polo Club Boulevard,3731.38,,"3058 Polo Club Boulevard  Lexington, KY",$845.39 ,"$2,885.99 ",,1153,812.32,536.06,148,1082,,0
3125 Caversham Park Lane,3731.38,,"3125 Caversham Park Lane  Lexington, KY",$845.39 ,"$2,885.99 ",,1153,812.32,536.06,148,1082,,0
3132 Caversham Park Lane,3731.38,,"3132 Caversham Park Lane  Lexington, KY",$845.39 ,"$2,885.99 ",,1153,812.32,536.06,148,1082,,0
3136 Caversham Park Lane,3731.38,,"3136 Caversham Park Lane  Lexington, KY",$845.39 ,"$2,885.99 ",,1153,812.32,536.06,148,1082,,0
3145 Caversham Park Lane,3731.38,,"3145 Caversham Park Lane  Lexington, KY",$845.39 ,"$2,885.99 ",,1153,812.32,536.06,148,1082,,0
3148 Caversham Park Lane,3731.38,,"3148 Caversham Park Lane  Lexington, KY",$845.39 ,"$2,885.99 ",,1153,812.32,536.06,148,1082,,0
3157 Caversham Park Lane,3731.38,,"3157 Caversham Park Lane  Lexington, KY",$845.39 ,"$2,885.99 ",,1153,812.32,536.06,148,1082,,0
3760 Horsemint Trail,4908,,"3760 Horsemint Trail  Lexington, KY","$2,077.00 ","$2,831.00 ",,1020,1430,410,202,1505,341,0
3797 Horsemint Trail,4908,,"3797 Horsemint Trail  Lexington, KY","$2,077.00 ","$2,831.00 ",,1020,1430,410,202,1505,341,0
3809 Horsemint Trail,4908,,"3809 Horsemint Trail  Lexington, KY","$2,077.00 ","$2,831.00 ",,1020,1430,410,202,1505,341,0
3812 Horsemint Trail,4908,,"3812 Horsemint Trail  Lexington, KY","$2,077.00 ","$2,831.00 ",,1020,1430,410,202,1505,341,0
3824 Horsemint Trail,4908,,"3824 Horsemint Trail  Lexington, KY","$2,077.00 ","$2,831.00 ",,1020,1430,410,202,1505,341,0
3824 Still Meadow Lane,4908,,"3824 Still Meadow Lane  Lexington, KY","$2,077.00 ","$2,831.00 ",,1020,1430,410,202,1505,341,0
3825 Horsemint Trail,4908,,"3825 Horsemint Trail  Lexington, KY","$2,077.00 ","$2,831.00 ",,1020,1430,410,202,1505,341,0
512 Sundrop Path,4908,,"512 Sundrop Path  Lexington, KY","$2,077.00 ","$2,831.00 ",,1020,1430,410,202,1505,341,0
524 Sundrop Path,4908,,"524 Sundrop Path  Lexington, KY","$2,077.00 ","$2,831.00 ",,1020,1430,410,202,1505,341,0
2124 Winning Colors Lane,6650,,"2124 Winning Colors Lane  Lexington, KY","$4,040.00 ","$2,610.00 ",,1974,962,594,640,822,1658,0
2144 Winning Colors Lane,6650,,"2144 Winning Colors Lane  Lexington, KY","$4,040.00 ","$2,610.00 ",,1974,962,594,640,822,1658,0
3836 Real Quiet Lane,6650,,"3836 Real Quiet Lane  Lexington, KY","$4,040.00 ","$2,610.00 ",,1974,962,594,640,822,1658,0
3853 Real Quiet Lane,6650,,"3853 Real Quiet Lane  Lexington, KY","$4,040.00 ","$2,610.00 ",,1974,962,594,640,822,1658,0
3349 Royal Troon Road,2972.6,,"3349 Royal Troon Road  Lexington, KY",$673.38 ,"$2,299.22 ",,918.48,646.94,426.99,118.25,861.94,,0
2033 Shaker Run Road,2972.38,,"2033 Shaker Run Road  Lexington, KY",$673.38 ,"$2,299.00 ",,918,647.39,426.99,118,862,,0
3004 Shaker Oaks Court,2972.38,,"3004 Shaker Oaks Court  Lexington, KY",$673.38 ,"$2,299.00 ",,918,647.39,426.99,118,862,,0
3316 Royal Troon Road,2972.38,,"3316 Royal Troon Road  Lexington, KY",$673.38 ,"$2,299.00 ",,918,647.39,426.99,118,862,,0
2201 Sunningdale Drive,2579,,"2201 Sunningdale Drive  Lexington, KY","$1,795.00 ",$784.00 ,,,1568,1011,,,,0
2224 Dunhill Lane,1953,,"2224 Dunhill Lane  Lexington, KY","$1,359.00 ",$594.00 ,,,1188,765,,,,0
2228 Dunhill Lane,1953,,"2228 Dunhill Lane  Lexington, KY","$1,359.00 ",$594.00 ,,,1188,765,,,,0
2232 Dunhill Lane,1953,,"2232 Dunhill Lane  Lexington, KY","$1,359.00 ",$594.00 ,,,1188,765,,,,0
2236 Dunhill Lane,1953,,"2236 Dunhill Lane  Lexington, KY","$1,359.00 ",$594.00 ,,,1188,765,,,,0
2237 Dunhill Lane,1953,,"2237 Dunhill Lane  Lexington, KY","$1,359.00 ",$594.00 ,,,1188,765,,,,0
2240 Dunhill Lane,1953,,"2240 Dunhill Lane  Lexington, KY","$1,359.00 ",$594.00 ,,,1188,765,,,,0
2241 Dunhill Lane,1953,,"2241 Dunhill Lane  Lexington, KY","$1,359.00 ",$594.00 ,,,1188,765,,,,0
2244 Dunhill Lane,1953,,"2244 Dunhill Lane  Lexington, KY","$1,359.00 ",$594.00 ,,,1188,765,,,,0
2244 Sunningdale Drive,1953,,"2244 Sunningdale Drive  Lexington, KY","$1,359.00 ",$594.00 ,,,1188,765,,,,0
2245 Sunningdale Drive,1953,,"2245 Sunningdale Drive  Lexington, KY","$1,359.00 ",$594.00 ,,,1188,765,,,,0
2248 Dunhill Lane,1953,,"2248 Dunhill Lane  Lexington, KY","$1,359.00 ",$594.00 ,,,1188,765,,,,0
2248 Sunningdale Drive,1953,,"2248 Sunningdale Drive  Lexington, KY","$1,359.00 ",$594.00 ,,,1188,765,,,,0
2249 Dunhill Lane,1953,,"2249 Dunhill Lane  Lexington, KY","$1,359.00 ",$594.00 ,,,1188,765,,,,0
2249 Sunningdale Drive,1953,,"2249 Sunningdale Drive  Lexington, KY","$1,359.00 ",$594.00 ,,,1188,765,,,,0
2252 Dunhill Lane,1953,,"2252 Dunhill Lane  Lexington, KY","$1,359.00 ",$594.00 ,,,1188,765,,,,0
2252 Sunningdale Drive,1953,,"2252 Sunningdale Drive  Lexington, KY","$1,359.00 ",$594.00 ,,,1188,765,,,,0
2256 Dunhill Lane,1953,,"2256 Dunhill Lane  Lexington, KY","$1,359.00 ",$594.00 ,,,1188,765,,,,0
2256 Sunningdale Drive,1953,,"2256 Sunningdale Drive  Lexington, KY","$1,359.00 ",$594.00 ,,,1188,765,,,,0
2257 Sunningdale Drive,1953,,"2257 Sunningdale Drive  Lexington, KY","$1,359.00 ",$594.00 ,,,1188,765,,,,0
2260 Sunningdale Drive,1953,,"2260 Sunningdale Drive  Lexington, KY","$1,359.00 ",$594.00 ,,,1188,765,,,,0
2261 Sunningdale Drive,1953,,"2261 Sunningdale Drive  Lexington, KY","$1,359.00 ",$594.00 ,,,1188,765,,,,0
2264 Sunningdale Drive,1953,,"2264 Sunningdale Drive  Lexington, KY","$1,359.00 ",$594.00 ,,,1188,765,,,,0
2265 Sunningdale Drive,1953,,"2265 Sunningdale Drive  Lexington, KY","$1,359.00 ",$594.00 ,,,1188,765,,,,0
2268 Sunningdale Drive,1953,,"2268 Sunningdale Drive  Lexington, KY","$1,359.00 ",$594.00 ,,,1188,765,,,,0
2269 Sunningdale Drive,1953,,"2269 Sunningdale Drive  Lexington, KY","$1,359.00 ",$594.00 ,,,1188,765,,,,0
2273 Sunningdale Drive,1953,,"2273 Sunningdale Drive  Lexington, KY","$1,359.00 ",$594.00 ,,,1188,765,,,,0
2276 Sunningdale Drive,1953,,"2276 Sunningdale Drive  Lexington, KY","$1,359.00 ",$594.00 ,,,1188,765,,,,0
2292 Sunningdale Drive,1953,,"2292 Sunningdale Drive  Lexington, KY","$1,359.00 ",$594.00 ,,,1188,765,,,,0
2300 Cross Creek Trace,1953,,"2300 Cross Creek Trace  Lexington, KY","$1,359.00 ",$594.00 ,,,1188,765,,,,0
2301 Cross Creek Trace,1953,,"2301 Cross Creek Trace  Lexington, KY","$1,359.00 ",$594.00 ,,,1188,765,,,,0
2304 Sunningdale Drive,1953,,"2304 Sunningdale Drive  Lexington, KY","$1,359.00 ",$594.00 ,,,1188,765,,,,0
2305 Cross Creek Trace,1953,,"2305 Cross Creek Trace  Lexington, KY","$1,359.00 ",$594.00 ,,,1188,765,,,,0
2305 Sunningdale Drive,1953,,"2305 Sunningdale Drive  Lexington, KY","$1,359.00 ",$594.00 ,,,1188,765,,,,0
2308 Cross Creek Trace,1953,,"2308 Cross Creek Trace  Lexington, KY","$1,359.00 ",$594.00 ,,,1188,765,,,,0
2308 Sunningdale Drive,1953,,"2308 Sunningdale Drive  Lexington, KY","$1,359.00 ",$594.00 ,,,1188,765,,,,0
2309 Cross Creek Trace,1953,,"2309 Cross Creek Trace  Lexington, KY","$1,359.00 ",$594.00 ,,,1188,765,,,,0
2309 Sunningdale Drive,1953,,"2309 Sunningdale Drive  Lexington, KY","$1,359.00 ",$594.00 ,,,1188,765,,,,0
2312 Sunningdale Drive,1953,,"2312 Sunningdale Drive  Lexington, KY","$1,359.00 ",$594.00 ,,,1188,765,,,,0
2313 Cross Creek Trace,1953,,"2313 Cross Creek Trace  Lexington, KY","$1,359.00 ",$594.00 ,,,1188,765,,,,0
3100 Dunhill Court,1953,,"3100 Dunhill Court  Lexington, KY","$1,359.00 ",$594.00 ,,,1188,765,,,,0
3100 Oakhurst Lane,1953,,"3100 Oakhurst Lane  Lexington, KY","$1,359.00 ",$594.00 ,,,1188,765,,,,0
3100 Sunningdale Court,1953,,"3100 Sunningdale Court  Lexington, KY","$1,359.00 ",$594.00 ,,,1188,765,,,,0
3101 Oakhurst Lane,1953,,"3101 Oakhurst Lane  Lexington, KY","$1,359.00 ",$594.00 ,,,1188,765,,,,0
3101 Sunningdale Court,1953,,"3101 Sunningdale Court  Lexington, KY","$1,359.00 ",$594.00 ,,,1188,765,,,,0
3104 Dunhill Court,1953,,"3104 Dunhill Court  Lexington, KY","$1,359.00 ",$594.00 ,,,1188,765,,,,0
3104 Oakhurst Lane,1953,,"3104 Oakhurst Lane  Lexington, KY","$1,359.00 ",$594.00 ,,,1188,765,,,,0
3104 Sunningdale Court,1953,,"3104 Sunningdale Court  Lexington, KY","$1,359.00 ",$594.00 ,,,1188,765,,,,0
3105 Dunhill Court,1953,,"3105 Dunhill Court  Lexington, KY","$1,359.00 ",$594.00 ,,,1188,765,,,,0
3105 Oakhurst Lane,1953,,"3105 Oakhurst Lane  Lexington, KY","$1,359.00 ",$594.00 ,,,1188,765,,,,0
3105 Sunningdale Court,1953,,"3105 Sunningdale Court  Lexington, KY","$1,359.00 ",$594.00 ,,,1188,765,,,,0
3108 Dunhill Court,1953,,"3108 Dunhill Court  Lexington, KY","$1,359.00 ",$594.00 ,,,1188,765,,,,0
3108 Oakhurst Lane,1953,,"3108 Oakhurst Lane  Lexington, KY","$1,359.00 ",$594.00 ,,,1188,765,,,,0
3109 Dunhill Court,1953,,"3109 Dunhill Court  Lexington, KY","$1,359.00 ",$594.00 ,,,1188,765,,,,0
3109 Sunningdale Court,1953,,"3109 Sunningdale Court  Lexington, KY","$1,359.00 ",$594.00 ,,,1188,765,,,,0
3112 Dunhill Court,1953,,"3112 Dunhill Court  Lexington, KY","$1,359.00 ",$594.00 ,,,1188,765,,,,0
3112 Oakhurst Lane,1953,,"3112 Oakhurst Lane  Lexington, KY","$1,359.00 ",$594.00 ,,,1188,765,,,,0
3116 Oakhurst Lane,1953,,"3116 Oakhurst Lane  Lexington, KY","$1,359.00 ",$594.00 ,,,1188,765,,,,0
3120 Oakhurst Lane,1953,,"3120 Oakhurst Lane  Lexington, KY","$1,359.00 ",$594.00 ,,,1188,765,,,,0
3124 Oakhurst Lane,1953,,"3124 Oakhurst Lane  Lexington, KY","$1,359.00 ",$594.00 ,,,1188,765,,,,0
3128 Oakhurst Lane,1953,,"3128 Oakhurst Lane  Lexington, KY","$1,359.00 ",$594.00 ,,,1188,765,,,,0
3129 Oakhurst Lane,1953,,"3129 Oakhurst Lane  Lexington, KY","$1,359.00 ",$594.00 ,,,1188,765,,,,0
3132 Oakhurst Lane,1953,,"3132 Oakhurst Lane  Lexington, KY","$1,359.00 ",$594.00 ,,,1188,765,,,,0
3137 Oakhurst Lane,1953,,"3137 Oakhurst Lane  Lexington, KY","$1,359.00 ",$594.00 ,,,1188,765,,,,0
3060 Polo Club Boulevard,1589.66,,"3060 Polo Club Boulevard  Lexington, KY",$996.66 ,$593.00 ,,,957.68,631.98,,,,0
3200 Winged Foot Circle,1589.66,,"3200 Winged Foot Circle  Lexington, KY",$996.66 ,$593.00 ,,,957.68,631.98,,,,0
3205 Winged Foot Circle,1589.66,,"3205 Winged Foot Circle  Lexington, KY",$996.66 ,$593.00 ,,,957.68,631.98,,,,0
3232 Polo Club Boulevard,1589.66,,"3232 Polo Club Boulevard  Lexington, KY",$996.66 ,$593.00 ,,,957.68,631.98,,,,0
2201 Market Garden Lane,743.81,,"2201 Market Garden Lane  Lexington, KY",$517.68 ,$226.13 ,,,452.26,291.55,,,,0
2208 Market Garden Lane,743.81,,"2208 Market Garden Lane  Lexington, KY",$517.68 ,$226.13 ,,,452.26,291.55,,,,0
2212 Market Garden Lane,743.81,,"2212 Market Garden Lane  Lexington, KY",$517.68 ,$226.13 ,,,452.26,291.55,,,,0
2216 Market Garden Lane,743.81,,"2216 Market Garden Lane  Lexington, KY",$517.68 ,$226.13 ,,,452.26,291.55,,,,0
2217 Market Garden Lane,743.81,,"2217 Market Garden Lane  Lexington, KY",$517.68 ,$226.13 ,,,452.26,291.55,,,,0
2220 Market Garden Lane,743.81,,"2220 Market Garden Lane  Lexington, KY",$517.68 ,$226.13 ,,,452.26,291.55,,,,0
2221 Market Garden Lane,743.81,,"2221 Market Garden Lane  Lexington, KY",$517.68 ,$226.13 ,,,452.26,291.55,,,,0
2224 Market Garden Lane,743.81,,"2224 Market Garden Lane  Lexington, KY",$517.68 ,$226.13 ,,,452.26,291.55,,,,0
2228 Market Garden Lane,743.81,,"2228 Market Garden Lane  Lexington, KY",$517.68 ,$226.13 ,,,452.26,291.55,,,,0
2232 Market Garden Lane,743.81,,"2232 Market Garden Lane  Lexington, KY",$517.68 ,$226.13 ,,,452.26,291.55,,,,0
2236 Market Garden Lane,743.81,,"2236 Market Garden Lane  Lexington, KY",$517.68 ,$226.13 ,,,452.26,291.55,,,,0
2240 Market Garden Lane,743.81,,"2240 Market Garden Lane  Lexington, KY",$517.68 ,$226.13 ,,,452.26,291.55,,,,0
2244 Market Garden Lane,743.81,,"2244 Market Garden Lane  Lexington, KY",$517.68 ,$226.13 ,,,452.26,291.55,,,,0
2248 Market Garden Lane,743.81,,"2248 Market Garden Lane  Lexington, KY",$517.68 ,$226.13 ,,,452.26,291.55,,,,0
2257 Market Garden Lane,743.81,,"2257 Market Garden Lane  Lexington, KY",$517.68 ,$226.13 ,,,452.26,291.55,,,,0
2261 Market Garden Lane,743.81,,"2261 Market Garden Lane  Lexington, KY",$517.68 ,$226.13 ,,,452.26,291.55,,,,0
2265 Market Garden Lane,743.81,,"2265 Market Garden Lane  Lexington, KY",$517.68 ,$226.13 ,,,452.26,291.55,,,,0
2269 Market Garden Lane,743.81,,"2269 Market Garden Lane  Lexington, KY",$517.68 ,$226.13 ,,,452.26,291.55,,,,0
2272 Market Garden Lane,743.81,,"2272 Market Garden Lane  Lexington, KY",$517.68 ,$226.13 ,,,452.26,291.55,,,,0
2273 Market Garden Lane,743.81,,"2273 Market Garden Lane  Lexington, KY",$517.68 ,$226.13 ,,,452.26,291.55,,,,0
2276 Market Garden Lane,743.81,,"2276 Market Garden Lane  Lexington, KY",$517.68 ,$226.13 ,,,452.26,291.55,,,,0
2277 Market Garden Lane,743.81,,"2277 Market Garden Lane  Lexington, KY",$517.68 ,$226.13 ,,,452.26,291.55,,,,0
2280 Market Garden Lane,743.81,,"2280 Market Garden Lane  Lexington, KY",$517.68 ,$226.13 ,,,452.26,291.55,,,,0
2281 Market Garden Lane,743.81,,"2281 Market Garden Lane  Lexington, KY",$517.68 ,$226.13 ,,,452.26,291.55,,,,0
2284 Market Garden Lane,743.81,,"2284 Market Garden Lane  Lexington, KY",$517.68 ,$226.13 ,,,452.26,291.55,,,,0
2285 Market Garden Lane,743.81,,"2285 Market Garden Lane  Lexington, KY",$517.68 ,$226.13 ,,,452.26,291.55,,,,0
2288 Market Garden Lane,743.81,,"2288 Market Garden Lane  Lexington, KY",$517.68 ,$226.13 ,,,452.26,291.55,,,,0
2289 Market Garden Lane,743.81,,"2289 Market Garden Lane  Lexington, KY",$517.68 ,$226.13 ,,,452.26,291.55,,,,0
2292 Market Garden Lane,743.81,,"2292 Market Garden Lane  Lexington, KY",$517.68 ,$226.13 ,,,452.26,291.55,,,,0
2293 Market Garden Lane,743.81,,"2293 Market Garden Lane  Lexington, KY",$517.68 ,$226.13 ,,,452.26,291.55,,,,0
2296 Market Garden Lane,743.81,,"2296 Market Garden Lane  Lexington, KY",$517.68 ,$226.13 ,,,452.26,291.55,,,,0
2297 Market Garden Lane,743.81,,"2297 Market Garden Lane  Lexington, KY",$517.68 ,$226.13 ,,,452.26,291.55,,,,0
2300 Market Garden Lane,743.81,,"2300 Market Garden Lane  Lexington, KY",$517.68 ,$226.13 ,,,452.26,291.55,,,,0
2301 Market Garden Lane,743.81,,"2301 Market Garden Lane  Lexington, KY",$517.68 ,$226.13 ,,,452.26,291.55,,,,0
2304 Market Garden Lane,743.81,,"2304 Market Garden Lane  Lexington, KY",$517.68 ,$226.13 ,,,452.26,291.55,,,,0
2305 Market Garden Lane,743.81,,"2305 Market Garden Lane  Lexington, KY",$517.68 ,$226.13 ,,,452.26,291.55,,,,0
2308 Market Garden Lane,743.81,,"2308 Market Garden Lane  Lexington, KY",$517.68 ,$226.13 ,,,452.26,291.55,,,,0
2312 Market Garden Lane,743.81,,"2312 Market Garden Lane  Lexington, KY",$517.68 ,$226.13 ,,,452.26,291.55,,,,0
2316 Market Garden Lane,743.81,,"2316 Market Garden Lane  Lexington, KY",$517.68 ,$226.13 ,,,452.26,291.55,,,,0
2320 Market Garden Lane,743.81,,"2320 Market Garden Lane  Lexington, KY",$517.68 ,$226.13 ,,,452.26,291.55,,,,0
2324 Market Garden Lane,743.81,,"2324 Market Garden Lane  Lexington, KY",$517.68 ,$226.13 ,,,452.26,291.55,,,,0
2329 Market Garden Lane,743.81,,"2329 Market Garden Lane  Lexington, KY",$517.68 ,$226.13 ,,,452.26,291.55,,,,0
2900 Polo Club Boulevard,743.81,,"2900 Polo Club Boulevard  Lexington, KY",$517.68 ,$226.13 ,,,452.26,291.55,,,,0
2904 Polo Club Boulevard,743.81,,"2904 Polo Club Boulevard  Lexington, KY",$517.68 ,$226.13 ,,,452.26,291.55,,,,0
2908 Polo Club Boulevard,743.81,,"2908 Polo Club Boulevard  Lexington, KY",$517.68 ,$226.13 ,,,452.26,291.55,,,,0
2912 Polo Club Boulevard,743.81,,"2912 Polo Club Boulevard  Lexington, KY",$517.68 ,$226.13 ,,,452.26,291.55,,,,0
2916 Polo Club Boulevard,743.81,,"2916 Polo Club Boulevard  Lexington, KY",$517.68 ,$226.13 ,,,452.26,291.55,,,,0
2924 Polo Club Boulevard,743.81,,"2924 Polo Club Boulevard  Lexington, KY",$517.68 ,$226.13 ,,,452.26,291.55,,,,0
2928 Polo Club Boulevard,743.81,,"2928 Polo Club Boulevard  Lexington, KY",$517.68 ,$226.13 ,,,452.26,291.55,,,,0
2932 Polo Club Boulevard,743.81,,"2932 Polo Club Boulevard  Lexington, KY",$517.68 ,$226.13 ,,,452.26,291.55,,,,0
2936 Polo Club Boulevard,743.81,,"2936 Polo Club Boulevard  Lexington, KY",$517.68 ,$226.13 ,,,452.26,291.55,,,,0
3001 Sewanee Lane,743.81,,"3001 Sewanee Lane  Lexington, KY",$517.68 ,$226.13 ,,,452.26,291.55,,,,0
3004 Sewanee Lane,743.81,,"3004 Sewanee Lane  Lexington, KY",$517.68 ,$226.13 ,,,452.26,291.55,,,,0
3005 Old House Road,743.81,,"3005 Old House Road  Lexington, KY",$517.68 ,$226.13 ,,,452.26,291.55,,,,0
3005 Roundway Down Lane,743.81,,"3005 Roundway Down Lane  Lexington, KY",$517.68 ,$226.13 ,,,452.26,291.55,,,,0
3173 Roundway Down Lane,743.81,,"3173 Roundway Down Lane  Lexington, KY",$517.68 ,$226.13 ,,,452.26,291.55,,,,0
3304 Old House Road,743.81,,"3304 Old House Road  Lexington, KY",$517.68 ,$226.13 ,,,452.26,291.55,,,,0
3001 Roundway Down Lane,662.72,,"3001 Roundway Down Lane  Lexington, KY",$517.68 ,$145.04 ,,,371.17,291.55,,,,0.000000000000113686837721616
3381 Sweet Clover Lane,343.46,,"3381 Sweet Clover Lane  Lexington, KY",$680.20 ,($336.74),,,343.46,,,,,0
2184 Millstone Way,343.45,,"2184 Millstone Way  Lexington, KY",$680.20 ,($336.75),,,343.45,,,,,0
2200 Ice House Way,783.71,,"2200 Ice House Way  Lexington, KY","$1,302.61 ",($518.90),,,783.71,,,,,0
2201 Ice House Way,783.71,,"2201 Ice House Way  Lexington, KY","$1,302.61 ",($518.90),,,783.71,,,,,0
2204 Ice House Way,783.71,,"2204 Ice House Way  Lexington, KY","$1,302.61 ",($518.90),,,783.71,,,,,0
2205 Pokeberry Park,783.71,,"2205 Pokeberry Park  Lexington, KY","$1,302.61 ",($518.90),,,783.71,,,,,0
2208 Ice House Way,783.71,,"2208 Ice House Way  Lexington, KY","$1,302.61 ",($518.90),,,783.71,,,,,0
2208 Pokeberry Park,783.71,,"2208 Pokeberry Park  Lexington, KY","$1,302.61 ",($518.90),,,783.71,,,,,0
2209 Ice House Way,783.71,,"2209 Ice House Way  Lexington, KY","$1,302.61 ",($518.90),,,783.71,,,,,0
2209 Pokeberry Park,783.71,,"2209 Pokeberry Park  Lexington, KY","$1,302.61 ",($518.90),,,783.71,,,,,0
2212 Ice House Way,783.71,,"2212 Ice House Way  Lexington, KY","$1,302.61 ",($518.90),,,783.71,,,,,0
2212 Pokeberry Park,783.71,,"2212 Pokeberry Park  Lexington, KY","$1,302.61 ",($518.90),,,783.71,,,,,0
2213 Ice House Way,783.71,,"2213 Ice House Way  Lexington, KY","$1,302.61 ",($518.90),,,783.71,,,,,0
2213 Pokeberry Park,783.71,,"2213 Pokeberry Park  Lexington, KY","$1,302.61 ",($518.90),,,783.71,,,,,0
2216 Ice House Way,783.71,,"2216 Ice House Way  Lexington, KY","$1,302.61 ",($518.90),,,783.71,,,,,0
2216 Pokeberry Park,783.71,,"2216 Pokeberry Park  Lexington, KY","$1,302.61 ",($518.90),,,783.71,,,,,0
2217 Ice House Way,783.71,,"2217 Ice House Way  Lexington, KY","$1,302.61 ",($518.90),,,783.71,,,,,0
2217 Pokeberry Park,783.71,,"2217 Pokeberry Park  Lexington, KY","$1,302.61 ",($518.90),,,783.71,,,,,0
2220 Ice House Way,783.71,,"2220 Ice House Way  Lexington, KY","$1,302.61 ",($518.90),,,783.71,,,,,0
2220 Pokeberry Park,783.71,,"2220 Pokeberry Park  Lexington, KY","$1,302.61 ",($518.90),,,783.71,,,,,0
2221 Ice House Way,783.71,,"2221 Ice House Way  Lexington, KY","$1,302.61 ",($518.90),,,783.71,,,,,0
2221 Pokeberry Park,783.71,,"2221 Pokeberry Park  Lexington, KY","$1,302.61 ",($518.90),,,783.71,,,,,0
2224 Ice House Way,783.71,,"2224 Ice House Way  Lexington, KY","$1,302.61 ",($518.90),,,783.71,,,,,0
2224 Pokeberry Park,783.71,,"2224 Pokeberry Park  Lexington, KY","$1,302.61 ",($518.90),,,783.71,,,,,0
2225 Ice House Way,783.71,,"2225 Ice House Way  Lexington, KY","$1,302.61 ",($518.90),,,783.71,,,,,0
2225 Pokeberry Park,783.71,,"2225 Pokeberry Park  Lexington, KY","$1,302.61 ",($518.90),,,783.71,,,,,0
2228 Pokeberry Park,783.71,,"2228 Pokeberry Park  Lexington, KY","$1,302.61 ",($518.90),,,783.71,,,,,0
2229 Ice House Way,783.71,,"2229 Ice House Way  Lexington, KY","$1,302.61 ",($518.90),,,783.71,,,,,0
2229 Pokeberry Park,783.71,,"2229 Pokeberry Park  Lexington, KY","$1,302.61 ",($518.90),,,783.71,,,,,0
2232 Ice House Way,783.71,,"2232 Ice House Way  Lexington, KY","$1,302.61 ",($518.90),,,783.71,,,,,0
2232 Pokeberry Park,783.71,,"2232 Pokeberry Park  Lexington, KY","$1,302.61 ",($518.90),,,783.71,,,,,0
2233 Pokeberry Park,783.71,,"2233 Pokeberry Park  Lexington, KY","$1,302.61 ",($518.90),,,783.71,,,,,0
2236 Ice House Way,783.71,,"2236 Ice House Way  Lexington, KY","$1,302.61 ",($518.90),,,783.71,,,,,0
2236 Pokeberry Park,783.71,,"2236 Pokeberry Park  Lexington, KY","$1,302.61 ",($518.90),,,783.71,,,,,0
2237 Ice House Way,783.71,,"2237 Ice House Way  Lexington, KY","$1,302.61 ",($518.90),,,783.71,,,,,0
2237 Pokeberry Park,783.71,,"2237 Pokeberry Park  Lexington, KY","$1,302.61 ",($518.90),,,783.71,,,,,0
2240 Ice House Way,783.71,,"2240 Ice House Way  Lexington, KY","$1,302.61 ",($518.90),,,783.71,,,,,0
2240 Pokeberry Park,783.71,,"2240 Pokeberry Park  Lexington, KY","$1,302.61 ",($518.90),,,783.71,,,,,0
2241 Ice House Way,783.71,,"2241 Ice House Way  Lexington, KY","$1,302.61 ",($518.90),,,783.71,,,,,0
2241 Pokeberry Park,783.71,,"2241 Pokeberry Park  Lexington, KY","$1,302.61 ",($518.90),,,783.71,,,,,0
2244 Ice House Way,783.71,,"2244 Ice House Way  Lexington, KY","$1,302.61 ",($518.90),,,783.71,,,,,0
2245 Ice House Way,783.71,,"2245 Ice House Way  Lexington, KY","$1,302.61 ",($518.90),,,783.71,,,,,0
2245 Pokeberry Park,783.71,,"2245 Pokeberry Park  Lexington, KY","$1,302.61 ",($518.90),,,783.71,,,,,0
2248 Ice House Way,783.71,,"2248 Ice House Way  Lexington, KY","$1,302.61 ",($518.90),,,783.71,,,,,0
2248 Pokeberry Park,783.71,,"2248 Pokeberry Park  Lexington, KY","$1,302.61 ",($518.90),,,783.71,,,,,0
2249 Ice House Way,783.71,,"2249 Ice House Way  Lexington, KY","$1,302.61 ",($518.90),,,783.71,,,,,0
2252 Pokeberry Park,783.71,,"2252 Pokeberry Park  Lexington, KY","$1,302.61 ",($518.90),,,783.71,,,,,0
2253 Ice House Way,783.71,,"2253 Ice House Way  Lexington, KY","$1,302.61 ",($518.90),,,783.71,,,,,0
2256 Ice House Way,783.71,,"2256 Ice House Way  Lexington, KY","$1,302.61 ",($518.90),,,783.71,,,,,0
2256 Pokeberry Park,783.71,,"2256 Pokeberry Park  Lexington, KY","$1,302.61 ",($518.90),,,783.71,,,,,0
2260 Ice House Way,783.71,,"2260 Ice House Way  Lexington, KY","$1,302.61 ",($518.90),,,783.71,,,,,0
2260 Pokeberry Park,783.71,,"2260 Pokeberry Park  Lexington, KY","$1,302.61 ",($518.90),,,783.71,,,,,0
2261 Ice House Way,783.71,,"2261 Ice House Way  Lexington, KY","$1,302.61 ",($518.90),,,783.71,,,,,0
2261 Pokeberry Park,783.71,,"2261 Pokeberry Park  Lexington, KY","$1,302.61 ",($518.90),,,783.71,,,,,0
2264 Ice House Way,783.71,,"2264 Ice House Way  Lexington, KY","$1,302.61 ",($518.90),,,783.71,,,,,0
2268 Ice House Way,783.71,,"2268 Ice House Way  Lexington, KY","$1,302.61 ",($518.90),,,783.71,,,,,0
2276 Ice House Way,783.71,,"2276 Ice House Way  Lexington, KY","$1,302.61 ",($518.90),,,783.71,,,,,0
2280 Ice House Way,783.71,,"2280 Ice House Way  Lexington, KY","$1,302.61 ",($518.90),,,783.71,,,,,0
2284 Ice House Way,783.71,,"2284 Ice House Way  Lexington, KY","$1,302.61 ",($518.90),,,783.71,,,,,0
2285 Ice House Way,783.71,,"2285 Ice House Way  Lexington, KY","$1,302.61 ",($518.90),,,783.71,,,,,0
2288 Ice House Way,783.71,,"2288 Ice House Way  Lexington, KY","$1,302.61 ",($518.90),,,783.71,,,,,0
2292 Ice House Way,783.71,,"2292 Ice House Way  Lexington, KY","$1,302.61 ",($518.90),,,783.71,,,,,0
2296 Ice House Way,783.71,,"2296 Ice House Way  Lexington, KY","$1,302.61 ",($518.90),,,783.71,,,,,0
2297 Ice House Way,783.71,,"2297 Ice House Way  Lexington, KY","$1,302.61 ",($518.90),,,783.71,,,,,0
2300 Ice House Way,783.71,,"2300 Ice House Way  Lexington, KY","$1,302.61 ",($518.90),,,783.71,,,,,0
2304 Ice House Way,783.71,,"2304 Ice House Way  Lexington, KY","$1,302.61 ",($518.90),,,783.71,,,,,0
2308 Ice House Way,783.71,,"2308 Ice House Way  Lexington, KY","$1,302.61 ",($518.90),,,783.71,,,,,0
2312 Ice House Way,783.71,,"2312 Ice House Way  Lexington, KY","$1,302.61 ",($518.90),,,783.71,,,,,0
2316 Ice House Way,783.71,,"2316 Ice House Way  Lexington, KY","$1,302.61 ",($518.90),,,783.71,,,,,0
2317 Ice House Way,783.71,,"2317 Ice House Way  Lexington, KY","$1,302.61 ",($518.90),,,783.71,,,,,0
2320 Ice House Way,783.71,,"2320 Ice House Way  Lexington, KY","$1,302.61 ",($518.90),,,783.71,,,,,0
2324 Ice House Way,783.71,,"2324 Ice House Way  Lexington, KY","$1,302.61 ",($518.90),,,783.71,,,,,0
2328 Ice House Way,783.71,,"2328 Ice House Way  Lexington, KY","$1,302.61 ",($518.90),,,783.71,,,,,0
2332 Ice House Way,783.71,,"2332 Ice House Way  Lexington, KY","$1,302.61 ",($518.90),,,783.71,,,,,0
2333 Ice House Way,783.71,,"2333 Ice House Way  Lexington, KY","$1,302.61 ",($518.90),,,783.71,,,,,0
2336 Ice House Way,783.71,,"2336 Ice House Way  Lexington, KY","$1,302.61 ",($518.90),,,783.71,,,,,0
2340 Ice House Way,783.71,,"2340 Ice House Way  Lexington, KY","$1,302.61 ",($518.90),,,783.71,,,,,0
2344 Ice House Way,783.71,,"2344 Ice House Way  Lexington, KY","$1,302.61 ",($518.90),,,783.71,,,,,0
2348 Ice House Way,783.71,,"2348 Ice House Way  Lexington, KY","$1,302.61 ",($518.90),,,783.71,,,,,0
2349 Ice House Way,783.71,,"2349 Ice House Way  Lexington, KY","$1,302.61 ",($518.90),,,783.71,,,,,0
2352 Ice House Way,783.71,,"2352 Ice House Way  Lexington, KY","$1,302.61 ",($518.90),,,783.71,,,,,0
2353 Ice House Way,783.71,,"2353 Ice House Way  Lexington, KY","$1,302.61 ",($518.90),,,783.71,,,,,0
2356 Ice House Way,783.71,,"2356 Ice House Way  Lexington, KY","$1,302.61 ",($518.90),,,783.71,,,,,0
2357 Ice House Way,783.71,,"2357 Ice House Way  Lexington, KY","$1,302.61 ",($518.90),,,783.71,,,,,0
2360 Ice House Way,783.71,,"2360 Ice House Way  Lexington, KY","$1,302.61 ",($518.90),,,783.71,,,,,0
2364 Ice House Way,783.71,,"2364 Ice House Way  Lexington, KY","$1,302.61 ",($518.90),,,783.71,,,,,0
2365 Ice House Way,783.71,,"2365 Ice House Way  Lexington, KY","$1,302.61 ",($518.90),,,783.71,,,,,0
2368 Ice House Way,783.71,,"2368 Ice House Way  Lexington, KY","$1,302.61 ",($518.90),,,783.71,,,,,0
2372 Ice House Way,783.71,,"2372 Ice House Way  Lexington, KY","$1,302.61 ",($518.90),,,783.71,,,,,0
2376 Ice House Way,783.71,,"2376 Ice House Way  Lexington, KY","$1,302.61 ",($518.90),,,783.71,,,,,0
2377 Ice House Way,783.71,,"2377 Ice House Way  Lexington, KY","$1,302.61 ",($518.90),,,783.71,,,,,0
2380 Ice House Way,783.71,,"2380 Ice House Way  Lexington, KY","$1,302.61 ",($518.90),,,783.71,,,,,0
2381 Ice House Way,783.71,,"2381 Ice House Way  Lexington, KY","$1,302.61 ",($518.90),,,783.71,,,,,0
2384 Ice House Way,783.71,,"2384 Ice House Way  Lexington, KY","$1,302.61 ",($518.90),,,783.71,,,,,0
2385 Ice House Way,783.71,,"2385 Ice House Way  Lexington, KY","$1,302.61 ",($518.90),,,783.71,,,,,0
2388 Ice House Way,783.71,,"2388 Ice House Way  Lexington, KY","$1,302.61 ",($518.90),,,783.71,,,,,0
2389 Ice House Way,783.71,,"2389 Ice House Way  Lexington, KY","$1,302.61 ",($518.90),,,783.71,,,,,0
2392 Ice House Way,783.71,,"2392 Ice House Way  Lexington, KY","$1,302.61 ",($518.90),,,783.71,,,,,0
2393 Ice House Way,783.71,,"2393 Ice House Way  Lexington, KY","$1,302.61 ",($518.90),,,783.71,,,,,0
2396 Ice House Way,783.71,,"2396 Ice House Way  Lexington, KY","$1,302.61 ",($518.90),,,783.71,,,,,0
2397 Ice House Way,783.71,,"2397 Ice House Way  Lexington, KY","$1,302.61 ",($518.90),,,783.71,,,,,0
3113 Owls Head Lane,783.71,,"3113 Owls Head Lane  Lexington, KY","$1,302.61 ",($518.90),,,783.71,,,,,0
3201 Toll Gate Road,783.71,,"3201 Toll Gate Road  Lexington, KY","$1,302.61 ",($518.90),,,783.71,,,,,0
3205 Orchard Grass Road,783.71,,"3205 Orchard Grass Road  Lexington, KY","$1,302.61 ",($518.90),,,783.71,,,,,0
3205 Toll Gate Road,783.71,,"3205 Toll Gate Road  Lexington, KY","$1,302.61 ",($518.90),,,783.71,,,,,0
3208 Orchard Grass Road,783.71,,"3208 Orchard Grass Road  Lexington, KY","$1,302.61 ",($518.90),,,783.71,,,,,0
3208 Toll Gate Road,783.71,,"3208 Toll Gate Road  Lexington, KY","$1,302.61 ",($518.90),,,783.71,,,,,0
3209 Orchard Grass Road,783.71,,"3209 Orchard Grass Road  Lexington, KY","$1,302.61 ",($518.90),,,783.71,,,,,0
3209 Toll Gate Road,783.71,,"3209 Toll Gate Road  Lexington, KY","$1,302.61 ",($518.90),,,783.71,,,,,0
3212 Orchard Grass Road,783.71,,"3212 Orchard Grass Road  Lexington, KY","$1,302.61 ",($518.90),,,783.71,,,,,0
3212 Toll Gate Road,783.71,,"3212 Toll Gate Road  Lexington, KY","$1,302.61 ",($518.90),,,783.71,,,,,0
3213 Orchard Grass Road,783.71,,"3213 Orchard Grass Road  Lexington, KY","$1,302.61 ",($518.90),,,783.71,,,,,0
3213 Toll Gate Road,783.71,,"3213 Toll Gate Road  Lexington, KY","$1,302.61 ",($518.90),,,783.71,,,,,0
3216 Orchard Grass Road,783.71,,"3216 Orchard Grass Road  Lexington, KY","$1,302.61 ",($518.90),,,783.71,,,,,0
3216 Toll Gate Road,783.71,,"3216 Toll Gate Road  Lexington, KY","$1,302.61 ",($518.90),,,783.71,,,,,0
3217 Orchard Grass Road,783.71,,"3217 Orchard Grass Road  Lexington, KY","$1,302.61 ",($518.90),,,783.71,,,,,0
3217 Toll Gate Road,783.71,,"3217 Toll Gate Road  Lexington, KY","$1,302.61 ",($518.90),,,783.71,,,,,0
3220 Orchard Grass Road,783.71,,"3220 Orchard Grass Road  Lexington, KY","$1,302.61 ",($518.90),,,783.71,,,,,0
3220 Toll Gate Road,783.71,,"3220 Toll Gate Road  Lexington, KY","$1,302.61 ",($518.90),,,783.71,,,,,0
3221 Orchard Grass Road,783.71,,"3221 Orchard Grass Road  Lexington, KY","$1,302.61 ",($518.90),,,783.71,,,,,0
3221 Toll Gate Road,783.71,,"3221 Toll Gate Road  Lexington, KY","$1,302.61 ",($518.90),,,783.71,,,,,0
3224 Orchard Grass Road,783.71,,"3224 Orchard Grass Road  Lexington, KY","$1,302.61 ",($518.90),,,783.71,,,,,0
3224 Toll Gate Road,783.71,,"3224 Toll Gate Road  Lexington, KY","$1,302.61 ",($518.90),,,783.71,,,,,0
3225 Toll Gate Road,783.71,,"3225 Toll Gate Road  Lexington, KY","$1,302.61 ",($518.90),,,783.71,,,,,0
3228 Orchard Grass Road,783.71,,"3228 Orchard Grass Road  Lexington, KY","$1,302.61 ",($518.90),,,783.71,,,,,0
3228 Toll Gate Road,783.71,,"3228 Toll Gate Road  Lexington, KY","$1,302.61 ",($518.90),,,783.71,,,,,0
3229 Toll Gate Road,783.71,,"3229 Toll Gate Road  Lexington, KY","$1,302.61 ",($518.90),,,783.71,,,,,0
3232 Orchard Grass Road,783.71,,"3232 Orchard Grass Road  Lexington, KY","$1,302.61 ",($518.90),,,783.71,,,,,0
3232 Toll Gate Road,783.71,,"3232 Toll Gate Road  Lexington, KY","$1,302.61 ",($518.90),,,783.71,,,,,0
3236 Orchard Grass Road,783.71,,"3236 Orchard Grass Road  Lexington, KY","$1,302.61 ",($518.90),,,783.71,,,,,0
3236 Toll Gate Road,783.71,,"3236 Toll Gate Road  Lexington, KY","$1,302.61 ",($518.90),,,783.71,,,,,0
3237 Orchard Grass Road,783.71,,"3237 Orchard Grass Road  Lexington, KY","$1,302.61 ",($518.90),,,783.71,,,,,0
3240 Orchard Grass Road,783.71,,"3240 Orchard Grass Road  Lexington, KY","$1,302.61 ",($518.90),,,783.71,,,,,0
3241 Orchard Grass Road,783.71,,"3241 Orchard Grass Road  Lexington, KY","$1,302.61 ",($518.90),,,783.71,,,,,0
3245 Orchard Grass Road,783.71,,"3245 Orchard Grass Road  Lexington, KY","$1,302.61 ",($518.90),,,783.71,,,,,0
3249 Orchard Grass Road,783.71,,"3249 Orchard Grass Road  Lexington, KY","$1,302.61 ",($518.90),,,783.71,,,,,0
3253 Orchard Grass Road,783.71,,"3253 Orchard Grass Road  Lexington, KY","$1,302.61 ",($518.90),,,783.71,,,,,0
3257 Orchard Grass Road,783.71,,"3257 Orchard Grass Road  Lexington, KY","$1,302.61 ",($518.90),,,783.71,,,,,0
3261 Orchard Grass Road,783.71,,"3261 Orchard Grass Road  Lexington, KY","$1,302.61 ",($518.90),,,783.71,,,,,0
3261 Polo Club Boulevard,783.71,,"3261 Polo Club Boulevard  Lexington, KY","$1,302.61 ",($518.90),,,783.71,,,,,0
3265 Orchard Grass Road,783.71,,"3265 Orchard Grass Road  Lexington, KY","$1,302.61 ",($518.90),,,783.71,,,,,0
3265 Polo Club Boulevard,783.71,,"3265 Polo Club Boulevard  Lexington, KY","$1,302.61 ",($518.90),,,783.71,,,,,0
3268 Orchard Grass Road,783.71,,"3268 Orchard Grass Road  Lexington, KY","$1,302.61 ",($518.90),,,783.71,,,,,0
3269 Orchard Grass Road,783.71,,"3269 Orchard Grass Road  Lexington, KY","$1,302.61 ",($518.90),,,783.71,,,,,0
3273 Orchard Grass Road,783.71,,"3273 Orchard Grass Road  Lexington, KY","$1,302.61 ",($518.90),,,783.71,,,,,0
3277 Orchard Grass Road,783.71,,"3277 Orchard Grass Road  Lexington, KY","$1,302.61 ",($518.90),,,783.71,,,,,0
3280 Orchard Grass Road,783.71,,"3280 Orchard Grass Road  Lexington, KY","$1,302.61 ",($518.90),,,783.71,,,,,0
3281 Orchard Grass Road,783.71,,"3281 Orchard Grass Road  Lexington, KY","$1,302.61 ",($518.90),,,783.71,,,,,0
3281 Polo Club Boulevard,783.71,,"3281 Polo Club Boulevard  Lexington, KY","$1,302.61 ",($518.90),,,783.71,,,,,0
3285 Orchard Grass Road,783.71,,"3285 Orchard Grass Road  Lexington, KY","$1,302.61 ",($518.90),,,783.71,,,,,0
3285 Polo Club Boulevard,783.71,,"3285 Polo Club Boulevard  Lexington, KY","$1,302.61 ",($518.90),,,783.71,,,,,0
3289 Orchard Grass Road,783.71,,"3289 Orchard Grass Road  Lexington, KY","$1,302.61 ",($518.90),,,783.71,,,,,0
3289 Polo Club Boulevard,783.71,,"3289 Polo Club Boulevard  Lexington, KY","$1,302.61 ",($518.90),,,783.71,,,,,0
3293 Orchard Grass Road,783.71,,"3293 Orchard Grass Road  Lexington, KY","$1,302.61 ",($518.90),,,783.71,,,,,0
3293 Polo Club Boulevard,783.71,,"3293 Polo Club Boulevard  Lexington, KY","$1,302.61 ",($518.90),,,783.71,,,,,0
3301 Orchard Grass Road,783.71,,"3301 Orchard Grass Road  Lexington, KY","$1,302.61 ",($518.90),,,783.71,,,,,0
3305 Orchard Grass Road,783.71,,"3305 Orchard Grass Road  Lexington, KY","$1,302.61 ",($518.90),,,783.71,,,,,0
3309 Orchard Grass Road,783.71,,"3309 Orchard Grass Road  Lexington, KY","$1,302.61 ",($518.90),,,783.71,,,,,0
3313 Orchard Grass Road,783.71,,"3313 Orchard Grass Road  Lexington, KY","$1,302.61 ",($518.90),,,783.71,,,,,0
3317 Orchard Grass Road,783.71,,"3317 Orchard Grass Road  Lexington, KY","$1,302.61 ",($518.90),,,783.71,,,,,0
3321 Orchard Grass Road,783.71,,"3321 Orchard Grass Road  Lexington, KY","$1,302.61 ",($518.90),,,783.71,,,,,0
3325 Orchard Grass Road,783.71,,"3325 Orchard Grass Road  Lexington, KY","$1,302.61 ",($518.90),,,783.71,,,,,0
3329 Orchard Grass Road,783.71,,"3329 Orchard Grass Road  Lexington, KY","$1,302.61 ",($518.90),,,783.71,,,,,0
3332 Orchard Grass Road,783.71,,"3332 Orchard Grass Road  Lexington, KY","$1,302.61 ",($518.90),,,783.71,,,,,0
3333 Orchard Grass Road,783.71,,"3333 Orchard Grass Road  Lexington, KY","$1,302.61 ",($518.90),,,783.71,,,,,0
3336 Orchard Grass Road,783.71,,"3336 Orchard Grass Road  Lexington, KY","$1,302.61 ",($518.90),,,783.71,,,,,0
3337 Orchard Grass Road,783.71,,"3337 Orchard Grass Road  Lexington, KY","$1,302.61 ",($518.90),,,783.71,,,,,0
3340 Orchard Grass Road,783.71,,"3340 Orchard Grass Road  Lexington, KY","$1,302.61 ",($518.90),,,783.71,,,,,0
3344 Orchard Grass Road,783.71,,"3344 Orchard Grass Road  Lexington, KY","$1,302.61 ",($518.90),,,783.71,,,,,0
3348 Orchard Grass Road,783.71,,"3348 Orchard Grass Road  Lexington, KY","$1,302.61 ",($518.90),,,783.71,,,,,0
3352 Orchard Grass Road,783.71,,"3352 Orchard Grass Road  Lexington, KY","$1,302.61 ",($518.90),,,783.71,,,,,0
3376 Sweet Clover Lane,898.68,,"3376 Sweet Clover Lane  Lexington, KY","$1,493.71 ",($595.03),,,898.68,,,,,0
1565 Sweet Clover Park,686.91,,"1565 Sweet Clover Park  Lexington, KY","$1,360.40 ",($673.49),,,686.91,,,,,0
1568 Sweet Clover Park,686.91,,"1568 Sweet Clover Park  Lexington, KY","$1,360.40 ",($673.49),,,686.91,,,,,0
1569 Sweet Clover Park,686.91,,"1569 Sweet Clover Park  Lexington, KY","$1,360.40 ",($673.49),,,686.91,,,,,0
1572 Sweet Clover Park,686.91,,"1572 Sweet Clover Park  Lexington, KY","$1,360.40 ",($673.49),,,686.91,,,,,0
1573 Sweet Clover Park,686.91,,"1573 Sweet Clover Park  Lexington, KY","$1,360.40 ",($673.49),,,686.91,,,,,0
1576 Sweet Clover Park,686.91,,"1576 Sweet Clover Park  Lexington, KY","$1,360.40 ",($673.49),,,686.91,,,,,0
1577 Sweet Clover Park,686.91,,"1577 Sweet Clover Park  Lexington, KY","$1,360.40 ",($673.49),,,686.91,,,,,0
3116 Sweet Clover Lane,686.91,,"3116 Sweet Clover Lane  Lexington, KY","$1,360.40 ",($673.49),,,686.91,,,,,0
3120 Sweet Clover Lane,686.91,,"3120 Sweet Clover Lane  Lexington, KY","$1,360.40 ",($673.49),,,686.91,,,,,0
3121 Sweet Clover Lane,686.91,,"3121 Sweet Clover Lane  Lexington, KY","$1,360.40 ",($673.49),,,686.91,,,,,0
3124 Sweet Clover Lane,686.91,,"3124 Sweet Clover Lane  Lexington, KY","$1,360.40 ",($673.49),,,686.91,,,,,0
3127 Sweet Clover Lane,686.91,,"3127 Sweet Clover Lane  Lexington, KY","$1,360.40 ",($673.49),,,686.91,,,,,0
3128 Sweet Clover Lane,686.91,,"3128 Sweet Clover Lane  Lexington, KY","$1,360.40 ",($673.49),,,686.91,,,,,0
3132 Sweet Clover Lane,686.91,,"3132 Sweet Clover Lane  Lexington, KY","$1,360.40 ",($673.49),,,686.91,,,,,0
3135 Sweet Clover Lane,686.91,,"3135 Sweet Clover Lane  Lexington, KY","$1,360.40 ",($673.49),,,686.91,,,,,0
3136 Sweet Clover Lane,686.91,,"3136 Sweet Clover Lane  Lexington, KY","$1,360.40 ",($673.49),,,686.91,,,,,0
3140 Sweet Clover Lane,686.91,,"3140 Sweet Clover Lane  Lexington, KY","$1,360.40 ",($673.49),,,686.91,,,,,0
3141 Sweet Clover Lane,686.91,,"3141 Sweet Clover Lane  Lexington, KY","$1,360.40 ",($673.49),,,686.91,,,,,0
3144 Sweet Clover Lane,686.91,,"3144 Sweet Clover Lane  Lexington, KY","$1,360.40 ",($673.49),,,686.91,,,,,0
3148 Sweet Clover Lane,686.91,,"3148 Sweet Clover Lane  Lexington, KY","$1,360.40 ",($673.49),,,686.91,,,,,0
3152 Sweet Clover Lane,686.91,,"3152 Sweet Clover Lane  Lexington, KY","$1,360.40 ",($673.49),,,686.91,,,,,0
3156 Sweet Clover Lane,686.91,,"3156 Sweet Clover Lane  Lexington, KY","$1,360.40 ",($673.49),,,686.91,,,,,0
3160 Sweet Clover Lane,686.91,,"3160 Sweet Clover Lane  Lexington, KY","$1,360.40 ",($673.49),,,686.91,,,,,0
3164 Sweet Clover Lane,686.91,,"3164 Sweet Clover Lane  Lexington, KY","$1,360.40 ",($673.49),,,686.91,,,,,0
3168 Sweet Clover Lane,686.91,,"3168 Sweet Clover Lane  Lexington, KY","$1,360.40 ",($673.49),,,686.91,,,,,0
3172 Sweet Clover Lane,686.91,,"3172 Sweet Clover Lane  Lexington, KY","$1,360.40 ",($673.49),,,686.91,,,,,0
3308 Polo Club Boulevard,686.91,,"3308 Polo Club Boulevard  Lexington, KY","$1,360.40 ",($673.49),,,686.91,,,,,0
3312 Polo Club Boulevard,686.91,,"3312 Polo Club Boulevard  Lexington, KY","$1,360.40 ",($673.49),,,686.91,,,,,0
3332 Polo Club Boulevard,686.91,,"3332 Polo Club Boulevard  Lexington, KY","$1,360.40 ",($673.49),,,686.91,,,,,0
3336 Polo Club Boulevard,686.91,,"3336 Polo Club Boulevard  Lexington, KY","$1,360.40 ",($673.49),,,686.91,,,,,0
3348 Polo Club Boulevard,686.91,,"3348 Polo Club Boulevard  Lexington, KY","$1,360.40 ",($673.49),,,686.91,,,,,0
3352 Polo Club Boulevard,686.91,,"3352 Polo Club Boulevard  Lexington, KY","$1,360.40 ",($673.49),,,686.91,,,,,0
3360 Polo Club Boulevard,686.91,,"3360 Polo Club Boulevard  Lexington, KY","$1,360.40 ",($673.49),,,686.91,,,,,0
3364 Polo Club Boulevard,686.91,,"3364 Polo Club Boulevard  Lexington, KY","$1,360.40 ",($673.49),,,686.91,,,,,0
3374 Polo Club Boulevard,686.91,,"3374 Polo Club Boulevard  Lexington, KY","$1,360.40 ",($673.49),,,686.91,,,,,0
3378 Polo Club Boulevard,686.91,,"3378 Polo Club Boulevard  Lexington, KY","$1,360.40 ",($673.49),,,686.91,,,,,0
3380 Sweet Clover Lane,686.91,,"3380 Sweet Clover Lane  Lexington, KY","$1,360.40 ",($673.49),,,686.91,,,,,0
3382 Polo Club Boulevard,686.91,,"3382 Polo Club Boulevard  Lexington, KY","$1,360.40 ",($673.49),,,686.91,,,,,0
3384 Sweet Clover Lane,686.91,,"3384 Sweet Clover Lane  Lexington, KY","$1,360.40 ",($673.49),,,686.91,,,,,0
3386 Polo Club Boulevard,686.91,,"3386 Polo Club Boulevard  Lexington, KY","$1,360.40 ",($673.49),,,686.91,,,,,0
3388 Sweet Clover Lane,686.91,,"3388 Sweet Clover Lane  Lexington, KY","$1,360.40 ",($673.49),,,686.91,,,,,0
3390 Polo Club Boulevard,686.91,,"3390 Polo Club Boulevard  Lexington, KY","$1,360.40 ",($673.49),,,686.91,,,,,0
3392 Sweet Clover Lane,686.91,,"3392 Sweet Clover Lane  Lexington, KY","$1,360.40 ",($673.49),,,686.91,,,,,0
3394 Polo Club Boulevard,686.91,,"3394 Polo Club Boulevard  Lexington, KY","$1,360.40 ",($673.49),,,686.91,,,,,0
3396 Sweet Clover Lane,686.91,,"3396 Sweet Clover Lane  Lexington, KY","$1,360.40 ",($673.49),,,686.91,,,,,0
3398 Polo Club Boulevard,686.91,,"3398 Polo Club Boulevard  Lexington, KY","$1,360.40 ",($673.49),,,686.91,,,,,0
3400 Sweet Clover Lane,686.91,,"3400 Sweet Clover Lane  Lexington, KY","$1,360.40 ",($673.49),,,686.91,,,,,0
3401 Sweet Clover Lane,686.91,,"3401 Sweet Clover Lane  Lexington, KY","$1,360.40 ",($673.49),,,686.91,,,,,0
3404 Sweet Clover Lane,686.91,,"3404 Sweet Clover Lane  Lexington, KY","$1,360.40 ",($673.49),,,686.91,,,,,0
3405 Sweet Clover Lane,686.91,,"3405 Sweet Clover Lane  Lexington, KY","$1,360.40 ",($673.49),,,686.91,,,,,0
3408 Sweet Clover Lane,686.91,,"3408 Sweet Clover Lane  Lexington, KY","$1,360.40 ",($673.49),,,686.91,,,,,0
3409 Sweet Clover Lane,686.91,,"3409 Sweet Clover Lane  Lexington, KY","$1,360.40 ",($673.49),,,686.91,,,,,0
3412 Sweet Clover Lane,686.91,,"3412 Sweet Clover Lane  Lexington, KY","$1,360.40 ",($673.49),,,686.91,,,,,0
3413 Sweet Clover Lane,686.91,,"3413 Sweet Clover Lane  Lexington, KY","$1,360.40 ",($673.49),,,686.91,,,,,0
3424 Sweet Clover Lane,686.91,,"3424 Sweet Clover Lane  Lexington, KY","$1,360.40 ",($673.49),,,686.91,,,,,0
209 Grassland Park,2860.93,,"209 Grassland Park  Lexington, KY","$3,538.03 ",($677.10),,1256.8,,,226.35,976.44,401.34,0
261 Grassland Park,4538.63,,"261 Grassland Park  Lexington, KY","$5,395.36 ",($856.73),,1256.8,1000.6,,226.35,1653.54,401.34,0
4739 Foxglove Point,2220.77,,"4739 Foxglove Point  Lexington, KY","$3,077.98 ",($857.21),credits swr cap=857.21,,2092.59,128.18,,,,0
4740 Foxglove Point,2220.77,,"4740 Foxglove Point  Lexington, KY","$3,077.98 ",($857.21),credits swr cap=857.21,,2092.59,128.18,,,,0
4744 Foxglove Point,2220.77,,"4744 Foxglove Point  Lexington, KY","$3,077.98 ",($857.21),credits swr cap=857.21,,2092.59,128.18,,,,0
4745 Foxglove Point,2220.77,,"4745 Foxglove Point  Lexington, KY","$3,077.98 ",($857.21),credits swr cap=857.21,,2092.59,128.18,,,,0
4748 Foxglove Point,2220.77,,"4748 Foxglove Point  Lexington, KY","$3,077.98 ",($857.21),credits swr cap=857.21,,2092.59,128.18,,,,0
4749 Foxglove Point,2220.77,,"4749 Foxglove Point  Lexington, KY","$3,077.98 ",($857.21),credits swr cap=857.21,,2092.59,128.18,,,,0
4752 Foxglove Point,2220.77,,"4752 Foxglove Point  Lexington, KY","$3,077.98 ",($857.21),credits swr cap=857.21,,2092.59,128.18,,,,0
4753 Foxglove Point,2220.77,,"4753 Foxglove Point  Lexington, KY","$3,077.98 ",($857.21),credits swr cap=857.21,,2092.59,128.18,,,,0
4753 Larkhill Lane,2220.77,,"4753 Larkhill Lane  Lexington, KY","$3,077.98 ",($857.21),credits swr cap=857.21,,2092.59,128.18,,,,0
4756 Foxglove Point,2220.77,,"4756 Foxglove Point  Lexington, KY","$3,077.98 ",($857.21),credits swr cap=857.21,,2092.59,128.18,,,,0
4769 Foxglove Point,2220.77,,"4769 Foxglove Point  Lexington, KY","$3,077.98 ",($857.21),credits swr cap=857.21,,2092.59,128.18,,,,0
4772 Foxglove Point,2220.77,,"4772 Foxglove Point  Lexington, KY","$3,077.98 ",($857.21),credits swr cap=857.21,,2092.59,128.18,,,,0
1806 Falling Leaves Lane,349.33,,"1806 Falling Leaves Lane  Lexington, KY","$1,986.67 ","($1,637.34)",,,349.33,,,,,0
1814 Falling Leaves Lane,349.33,,"1814 Falling Leaves Lane  Lexington, KY","$1,986.67 ","($1,637.34)",,,349.33,,,,,0
1818 Falling Leaves Lane,349.33,,"1818 Falling Leaves Lane  Lexington, KY","$1,986.67 ","($1,637.34)",,,349.33,,,,,0
1822 Falling Leaves Lane,349.33,,"1822 Falling Leaves Lane  Lexington, KY","$1,986.67 ","($1,637.34)",,,349.33,,,,,0
1826 Falling Leaves Lane,349.33,,"1826 Falling Leaves Lane  Lexington, KY",1986.67,"($1,637.34)",,,349.33,,,,,0
1830 Falling Leaves Lane,349.33,,"1830 Falling Leaves Lane  Lexington, KY","$1,986.67 ","($1,637.34)",,,349.33,,,,,0
1834 Falling Leaves Lane,349.33,,"1834 Falling Leaves Lane  Lexington, KY","$1,986.67 ","($1,637.34)",,,349.33,,,,,0
1838 Falling Leaves Lane,349.33,,"1838 Falling Leaves Lane  Lexington, KY","$1,986.67 ","($1,637.34)",,,349.33,,,,,0
1842 Falling Leaves Lane,349.33,,"1842 Falling Leaves Lane  Lexington, KY","$1,986.67 ","($1,637.34)",,,349.33,,,,,0
1846 Falling Leaves Lane,349.33,,"1846 Falling Leaves Lane  Lexington, KY","$1,986.67 ","($1,637.34)",,,349.33,,,,,0
1850 Falling Leaves Lane,349.33,,"1850 Falling Leaves Lane  Lexington, KY","$1,986.67 ","($1,637.34)",,,349.33,,,,,0
1854 Falling Leaves Lane,349.33,,"1854 Falling Leaves Lane  Lexington, KY","$1,986.67 ","($1,637.34)",,,349.33,,,,,0
1858 Falling Leaves Lane,349.33,,"1858 Falling Leaves Lane  Lexington, KY","$1,986.67 ","($1,637.34)",,,349.33,,,,,0
1862 Falling Leaves Lane,349.33,,"1862 Falling Leaves Lane  Lexington, KY","$1,986.67 ","($1,637.34)",,,349.33,,,,,0
1866 Falling Leaves Lane,349.33,,"1866 Falling Leaves Lane  Lexington, KY","$1,986.67 ","($1,637.34)",,,349.33,,,,,0
1870 Falling Leaves Lane,349.33,,"1870 Falling Leaves Lane  Lexington, KY","$1,986.67 ","($1,637.34)",,,349.33,,,,,0
1874 Falling Leaves Lane,349.33,,"1874 Falling Leaves Lane  Lexington, KY","$1,986.67 ","($1,637.34)",,,349.33,,,,,0
1877 Falling Leaves Lane,349.33,,"1877 Falling Leaves Lane  Lexington, KY","$1,986.67 ","($1,637.34)",,,349.33,,,,,0
1878 Falling Leaves Lane,349.33,,"1878 Falling Leaves Lane  Lexington, KY","$1,986.67 ","($1,637.34)",,,349.33,,,,,0
1881 Falling Leaves Lane,349.33,,"1881 Falling Leaves Lane  Lexington, KY","$1,986.67 ","($1,637.34)",,,349.33,,,,,0
1885 Falling Leaves Lane,349.33,,"1885 Falling Leaves Lane  Lexington, KY","$1,986.67 ","($1,637.34)",,,349.33,,,,,0
1889 Falling Leaves Lane,349.33,,"1889 Falling Leaves Lane  Lexington, KY","$1,986.67 ","($1,637.34)",,,349.33,,,,,0
1893 Falling Leaves Lane,349.33,,"1893 Falling Leaves Lane  Lexington, KY","$1,986.67 ","($1,637.34)",,,349.33,,,,,0
1894 Falling Leaves Lane,349.33,,"1894 Falling Leaves Lane  Lexington, KY","$1,986.67 ","($1,637.34)",,,349.33,,,,,0
1897 Falling Leaves Lane,349.33,,"1897 Falling Leaves Lane  Lexington, KY","$1,986.67 ","($1,637.34)",,,349.33,,,,,0
1898 Falling Leaves Lane,349.33,,"1898 Falling Leaves Lane  Lexington, KY","$1,986.67 ","($1,637.34)",,,349.33,,,,,0
1901 Falling Leaves Lane,349.33,,"1901 Falling Leaves Lane  Lexington, KY","$1,986.67 ","($1,637.34)",,,349.33,,,,,0
1905 Falling Leaves Lane,349.33,,"1905 Falling Leaves Lane  Lexington, KY","$1,986.67 ","($1,637.34)",,,349.33,,,,,0
1909 Falling Leaves Lane,349.33,,"1909 Falling Leaves Lane  Lexington, KY","$1,986.67 ","($1,637.34)",,,349.33,,,,,0
1912 Falling Leaves Lane,349.33,,"1912 Falling Leaves Lane  Lexington, KY","$1,986.67 ","($1,637.34)",,,349.33,,,,,0
1913 Falling Leaves Lane,349.33,,"1913 Falling Leaves Lane  Lexington, KY","$1,986.67 ","($1,637.34)",,,349.33,,,,,0
1917 Falling Leaves Lane,349.33,,"1917 Falling Leaves Lane  Lexington, KY","$1,986.67 ","($1,637.34)",,,349.33,,,,,0
1921 Falling Leaves Lane,349.33,,"1921 Falling Leaves Lane  Lexington, KY","$1,986.67 ","($1,637.34)",,,349.33,,,,,0
1925 Falling Leaves Lane,349.33,,"1925 Falling Leaves Lane  Lexington, KY","$1,986.67 ","($1,637.34)",,,349.33,,,,,0
1929 Falling Leaves Lane,349.33,,"1929 Falling Leaves Lane  Lexington, KY","$1,986.67 ","($1,637.34)",,,349.33,,,,,0
1933 Falling Leaves Lane,349.33,,"1933 Falling Leaves Lane  Lexington, KY","$1,986.67 ","($1,637.34)",,,349.33,,,,,0
1937 Falling Leaves Lane,349.33,,"1937 Falling Leaves Lane  Lexington, KY","$1,986.67 ","($1,637.34)",,,349.33,,,,,0
1941 Falling Leaves Lane,349.33,,"1941 Falling Leaves Lane  Lexington, KY","$1,986.67 ","($1,637.34)",,,349.33,,,,,0
1945 Falling Leaves Lane,349.33,,"1945 Falling Leaves Lane  Lexington, KY","$1,986.67 ","($1,637.34)",,,349.33,,,,,0
1946 Falling Leaves Lane,349.33,,"1946 Falling Leaves Lane  Lexington, KY","$1,986.67 ","($1,637.34)",,,349.33,,,,,0
1949 Falling Leaves Lane,349.33,,"1949 Falling Leaves Lane  Lexington, KY","$1,986.67 ","($1,637.34)",,,349.33,,,,,0
1950 Falling Leaves Lane,349.33,,"1950 Falling Leaves Lane  Lexington, KY","$1,986.67 ","($1,637.34)",,,349.33,,,,,0
1953 Falling Leaves Lane,349.33,,"1953 Falling Leaves Lane  Lexington, KY","$1,986.67 ","($1,637.34)",,,349.33,,,,,0
1954 Falling Leaves Lane,349.33,,"1954 Falling Leaves Lane  Lexington, KY","$1,986.67 ","($1,637.34)",,,349.33,,,,,0
1957 Falling Leaves Lane,349.33,,"1957 Falling Leaves Lane  Lexington, KY","$1,986.67 ","($1,637.34)",,,349.33,,,,,0
1958 Falling Leaves Lane,349.33,,"1958 Falling Leaves Lane  Lexington, KY","$1,986.67 ","($1,637.34)",,,349.33,,,,,0
1961 Falling Leaves Lane,349.33,,"1961 Falling Leaves Lane  Lexington, KY","$1,986.67 ","($1,637.34)",,,349.33,,,,,0
1962 Falling Leaves Lane,349.33,,"1962 Falling Leaves Lane  Lexington, KY","$1,986.67 ","($1,637.34)",,,349.33,,,,,0
1965 Falling Leaves Lane,349.33,,"1965 Falling Leaves Lane  Lexington, KY","$1,986.67 ","($1,637.34)",,,349.33,,,,,0
1969 Falling Leaves Lane,349.33,,"1969 Falling Leaves Lane  Lexington, KY","$1,986.67 ","($1,637.34)",,,349.33,,,,,0
1973 Falling Leaves Lane,349.33,,"1973 Falling Leaves Lane  Lexington, KY","$1,986.67 ","($1,637.34)",,,349.33,,,,,0
1977 Falling Leaves Lane,349.33,,"1977 Falling Leaves Lane  Lexington, KY","$1,986.67 ","($1,637.34)",,,349.33,,,,,0
1981 Falling Leaves Lane,349.33,,"1981 Falling Leaves Lane  Lexington, KY","$1,986.67 ","($1,637.34)",,,349.33,,,,,0
1985 Falling Leaves Lane,349.33,,"1985 Falling Leaves Lane  Lexington, KY","$1,986.67 ","($1,637.34)",,,349.33,,,,,0
1989 Falling Leaves Lane,349.33,,"1989 Falling Leaves Lane  Lexington, KY","$1,986.67 ","($1,637.34)",,,349.33,,,,,0
1993 Falling Leaves Lane,349.33,,"1993 Falling Leaves Lane  Lexington, KY","$1,986.67 ","($1,637.34)",,,349.33,,,,,0
1994 Falling Leaves Lane,349.33,,"1994 Falling Leaves Lane  Lexington, KY","$1,986.67 ","($1,637.34)",,,349.33,,,,,0
1997 Falling Leaves Lane,349.33,,"1997 Falling Leaves Lane  Lexington, KY","$1,986.67 ","($1,637.34)",,,349.33,,,,,0
2001 Falling Leaves Lane,349.33,,"2001 Falling Leaves Lane  Lexington, KY","$1,986.67 ","($1,637.34)",,,349.33,,,,,0
2005 Falling Leaves Lane,349.33,,"2005 Falling Leaves Lane  Lexington, KY","$1,986.67 ","($1,637.34)",,,349.33,,,,,0
2009 Falling Leaves Lane,349.33,,"2009 Falling Leaves Lane  Lexington, KY","$1,986.67 ","($1,637.34)",,,349.33,,,,,0
2013 Falling Leaves Lane,349.33,,"2013 Falling Leaves Lane  Lexington, KY","$1,986.67 ","($1,637.34)",,,349.33,,,,,0
2017 Falling Leaves Lane,349.33,,"2017 Falling Leaves Lane  Lexington, KY","$1,986.67 ","($1,637.34)",,,349.33,,,,,0
2021 Falling Leaves Lane,349.33,,"2021 Falling Leaves Lane  Lexington, KY","$1,986.67 ","($1,637.34)",,,349.33,,,,,0
2025 Falling Leaves Lane,349.33,,"2025 Falling Leaves Lane  Lexington, KY","$1,986.67 ","($1,637.34)",,,349.33,,,,,0
2029 Falling Leaves Lane,349.33,,"2029 Falling Leaves Lane  Lexington, KY","$1,986.67 ","($1,637.34)",,,349.33,,,,,0
2033 Falling Leaves Lane,349.33,,"2033 Falling Leaves Lane  Lexington, KY","$1,986.67 ","($1,637.34)",,,349.33,,,,,0
2037 Falling Leaves Lane,349.33,,"2037 Falling Leaves Lane  Lexington, KY","$1,986.67 ","($1,637.34)",,,349.33,,,,,0
2041 Falling Leaves Lane,349.33,,"2041 Falling Leaves Lane  Lexington, KY","$1,986.67 ","($1,637.34)",,,349.33,,,,,0
2045 Falling Leaves Lane,349.33,,"2045 Falling Leaves Lane  Lexington, KY","$1,986.67 ","($1,637.34)",,,349.33,,,,,0
2049 Falling Leaves Lane,349.33,,"2049 Falling Leaves Lane  Lexington, KY","$1,986.67 ","($1,637.34)",,,349.33,,,,,0
2053 Falling Leaves Lane,349.33,,"2053 Falling Leaves Lane  Lexington, KY","$1,986.67 ","($1,637.34)",,,349.33,,,,,0
2057 Falling Leaves Lane,349.33,,"2057 Falling Leaves Lane  Lexington, KY","$1,986.67 ","($1,637.34)",,,349.33,,,,,0
2061 Falling Leaves Lane,349.33,,"2061 Falling Leaves Lane  Lexington, KY","$1,986.67 ","($1,637.34)",,,349.33,,,,,0
2064 Falling Leaves Lane,349.33,,"2064 Falling Leaves Lane  Lexington, KY","$1,986.67 ","($1,637.34)",,,349.33,,,,,0
2065 Falling Leaves Lane,349.33,,"2065 Falling Leaves Lane  Lexington, KY","$1,986.67 ","($1,637.34)",,,349.33,,,,,0
2068 Falling Leaves Lane,349.33,,"2068 Falling Leaves Lane  Lexington, KY","$1,986.67 ","($1,637.34)",,,349.33,,,,,0
2070 Falling Leaves Lane,349.33,,"2070 Falling Leaves Lane  Lexington, KY","$1,986.67 ","($1,637.34)",,,349.33,,,,,0
2073 Falling Leaves Lane,349.33,,"2073 Falling Leaves Lane  Lexington, KY","$1,986.67 ","($1,637.34)",,,349.33,,,,,0
2074 Falling Leaves Lane,349.33,,"2074 Falling Leaves Lane  Lexington, KY","$1,986.67 ","($1,637.34)",,,349.33,,,,,0
2076 Falling Leaves Lane,349.33,,"2076 Falling Leaves Lane  Lexington, KY","$1,986.67 ","($1,637.34)",,,349.33,,,,,0
2077 Falling Leaves Lane,349.33,,"2077 Falling Leaves Lane  Lexington, KY","$1,986.67 ","($1,637.34)",,,349.33,,,,,0
2080 Falling Leaves Lane,349.33,,"2080 Falling Leaves Lane  Lexington, KY","$1,986.67 ","($1,637.34)",,,349.33,,,,,0
2081 Falling Leaves Lane,349.33,,"2081 Falling Leaves Lane  Lexington, KY","$1,986.67 ","($1,637.34)",,,349.33,,,,,0
2084 Falling Leaves Lane,349.33,,"2084 Falling Leaves Lane  Lexington, KY","$1,986.67 ","($1,637.34)",,,349.33,,,,,0
2085 Falling Leaves Lane,349.33,,"2085 Falling Leaves Lane  Lexington, KY","$1,986.67 ","($1,637.34)",,,349.33,,,,,0
2088 Falling Leaves Lane,349.33,,"2088 Falling Leaves Lane  Lexington, KY","$1,986.67 ","($1,637.34)",,,349.33,,,,,0
2089 Falling Leaves Lane,349.33,,"2089 Falling Leaves Lane  Lexington, KY","$1,986.67 ","($1,637.34)",,,349.33,,,,,0
2092 Falling Leaves Lane,349.33,,"2092 Falling Leaves Lane  Lexington, KY","$1,986.67 ","($1,637.34)",,,349.33,,,,,0
2093 Falling Leaves Lane,349.33,,"2093 Falling Leaves Lane  Lexington, KY","$1,986.67 ","($1,637.34)",,,349.33,,,,,0
2096 Falling Leaves Lane,349.33,,"2096 Falling Leaves Lane  Lexington, KY","$1,986.67 ","($1,637.34)",,,349.33,,,,,0
2097 Falling Leaves Lane,349.33,,"2097 Falling Leaves Lane  Lexington, KY","$1,986.67 ","($1,637.34)",,,349.33,,,,,0
2098 Falling Leaves Lane,349.33,,"2098 Falling Leaves Lane  Lexington, KY","$1,986.67 ","($1,637.34)",,,349.33,,,,,0
3001 Falling Leaves Lane,349.33,,"3001 Falling Leaves Lane  Lexington, KY","$1,986.67 ","($1,637.34)",,,349.33,,,,,0
3002 Falling Leaves Lane,349.33,,"3002 Falling Leaves Lane  Lexington, KY","$1,986.67 ","($1,637.34)",,,349.33,,,,,0
3005 Falling Leaves Lane,349.33,,"3005 Falling Leaves Lane  Lexington, KY","$1,986.67 ","($1,637.34)",,,349.33,,,,,0
3006 Falling Leaves Lane,349.33,,"3006 Falling Leaves Lane  Lexington, KY","$1,986.67 ","($1,637.34)",,,349.33,,,,,0
3008 Falling Leaves Lane,349.33,,"3008 Falling Leaves Lane  Lexington, KY","$1,986.67 ","($1,637.34)",,,349.33,,,,,0
3009 Falling Leaves Lane,349.33,,"3009 Falling Leaves Lane  Lexington, KY","$1,986.67 ","($1,637.34)",,,349.33,,,,,0
3010 Falling Leaves Lane,349.33,,"3010 Falling Leaves Lane  Lexington, KY","$1,986.67 ","($1,637.34)",,,349.33,,,,,0
3013 Falling Leaves Lane,349.33,,"3013 Falling Leaves Lane  Lexington, KY","$1,986.67 ","($1,637.34)",,,349.33,,,,,0
3014 Falling Leaves Lane,349.33,,"3014 Falling Leaves Lane  Lexington, KY","$1,986.67 ","($1,637.34)",,,349.33,,,,,0
3017 Falling Leaves Lane,349.33,,"3017 Falling Leaves Lane  Lexington, KY","$1,986.67 ","($1,637.34)",,,349.33,,,,,0
3018 Falling Leaves Lane,349.33,,"3018 Falling Leaves Lane  Lexington, KY","$1,986.67 ","($1,637.34)",,,349.33,,,,,0
3021 Falling Leaves Lane,349.33,,"3021 Falling Leaves Lane  Lexington, KY","$1,986.67 ","($1,637.34)",,,349.33,,,,,0
3022 Falling Leaves Lane,349.33,,"3022 Falling Leaves Lane  Lexington, KY","$1,986.67 ","($1,637.34)",,,349.33,,,,,0
3025 Falling Leaves Lane,349.33,,"3025 Falling Leaves Lane  Lexington, KY","$1,986.67 ","($1,637.34)",,,349.33,,,,,0
3028 Falling Leaves Lane,349.33,,"3028 Falling Leaves Lane  Lexington, KY","$1,986.67 ","($1,637.34)",,,349.33,,,,,0
3029 Falling Leaves Lane,349.33,,"3029 Falling Leaves Lane  Lexington, KY","$1,986.67 ","($1,637.34)",,,349.33,,,,,0
3700 Sunflower Street,349.33,,"3700 Sunflower Street  Lexington, KY","$1,986.67 ","($1,637.34)",,,349.33,,,,,0
3704 Sunflower Street,349.33,,"3704 Sunflower Street  Lexington, KY","$1,986.67 ","($1,637.34)",,,349.33,,,,,0
3708 Sunflower Street,349.33,,"3708 Sunflower Street  Lexington, KY","$1,986.67 ","($1,637.34)",,,349.33,,,,,0
3709 Sunflower Street,349.33,,"3709 Sunflower Street  Lexington, KY","$1,986.67 ","($1,637.34)",,,349.33,,,,,0
3712 Sunflower Street,349.33,,"3712 Sunflower Street  Lexington, KY","$1,986.67 ","($1,637.34)",,,349.33,,,,,0
3716 Sunflower Street,349.33,,"3716 Sunflower Street  Lexington, KY","$1,986.67 ","($1,637.34)",,,349.33,,,,,0
3717 Sunflower Street,349.33,,"3717 Sunflower Street  Lexington, KY","$1,986.67 ","($1,637.34)",,,349.33,,,,,0
3720 Sunflower Street,349.33,,"3720 Sunflower Street  Lexington, KY","$1,986.67 ","($1,637.34)",,,349.33,,,,,0
3723 Sunflower Street,349.33,,"3723 Sunflower Street  Lexington, KY","$1,986.67 ","($1,637.34)",,,349.33,,,,,0
3724 Sunflower Street,349.33,,"3724 Sunflower Street  Lexington, KY","$1,986.67 ","($1,637.34)",,,349.33,,,,,0
3728 Sunflower Street,349.33,,"3728 Sunflower Street  Lexington, KY","$1,986.67 ","($1,637.34)",,,349.33,,,,,0
3732 Sunflower Street,349.33,,"3732 Sunflower Street  Lexington, KY","$1,986.67 ","($1,637.34)",,,349.33,,,,,0
3736 Sunflower Street,349.33,,"3736 Sunflower Street  Lexington, KY","$1,986.67 ","($1,637.34)",,,349.33,,,,,0
3740 Sunflower Street,349.33,,"3740 Sunflower Street  Lexington, KY","$1,986.67 ","($1,637.34)",,,349.33,,,,,0
3749 Hardwood Road,349.33,,"3749 Hardwood Road  Lexington, KY","$1,986.67 ","($1,637.34)",,,349.33,,,,,0
3750 Hardwood Road,349.33,,"3750 Hardwood Road  Lexington, KY","$1,986.67 ","($1,637.34)",,,349.33,,,,,0
3751 Sunflower Street,349.33,,"3751 Sunflower Street  Lexington, KY","$1,986.67 ","($1,637.34)",,,349.33,,,,,0
3752 Sunflower Street,349.33,,"3752 Sunflower Street  Lexington, KY","$1,986.67 ","($1,637.34)",,,349.33,,,,,0
3753 Hardwood Road,349.33,,"3753 Hardwood Road  Lexington, KY","$1,986.67 ","($1,637.34)",,,349.33,,,,,0
3754 Hardwood Road,349.33,,"3754 Hardwood Road  Lexington, KY","$1,986.67 ","($1,637.34)",,,349.33,,,,,0
3755 Sunflower Street,349.33,,"3755 Sunflower Street  Lexington, KY","$1,986.67 ","($1,637.34)",,,349.33,,,,,0
3756 Sunflower Street,349.33,,"3756 Sunflower Street  Lexington, KY","$1,986.67 ","($1,637.34)",,,349.33,,,,,0
3757 Hardwood Road,349.33,,"3757 Hardwood Road  Lexington, KY","$1,986.67 ","($1,637.34)",,,349.33,,,,,0
3758 Hardwood Road,349.33,,"3758 Hardwood Road  Lexington, KY","$1,986.67 ","($1,637.34)",,,349.33,,,,,0
3759 Sunflower Street,349.33,,"3759 Sunflower Street  Lexington, KY","$1,986.67 ","($1,637.34)",,,349.33,,,,,0
3760 Sunflower Street,349.33,,"3760 Sunflower Street  Lexington, KY","$1,986.67 ","($1,637.34)",,,349.33,,,,,0
3761 Hardwood Road,349.33,,"3761 Hardwood Road  Lexington, KY","$1,986.67 ","($1,637.34)",,,349.33,,,,,0
3762 Hardwood Road,349.33,,"3762 Hardwood Road  Lexington, KY","$1,986.67 ","($1,637.34)",,,349.33,,,,,0
3763 Sunflower Street,349.33,,"3763 Sunflower Street  Lexington, KY","$1,986.67 ","($1,637.34)",,,349.33,,,,,0
3764 Sunflower Street,349.33,,"3764 Sunflower Street  Lexington, KY","$1,986.67 ","($1,637.34)",,,349.33,,,,,0
3765 Hardwood Road,349.33,,"3765 Hardwood Road  Lexington, KY","$1,986.67 ","($1,637.34)",,,349.33,,,,,0
3766 Hardwood Road,349.33,,"3766 Hardwood Road  Lexington, KY","$1,986.67 ","($1,637.34)",,,349.33,,,,,0
3767 Sunflower Street,349.33,,"3767 Sunflower Street  Lexington, KY","$1,986.67 ","($1,637.34)",,,349.33,,,,,0
3768 Sunflower Street,349.33,,"3768 Sunflower Street  Lexington, KY","$1,986.67 ","($1,637.34)",,,349.33,,,,,0
3769 Hardwood Road,349.33,,"3769 Hardwood Road  Lexington, KY","$1,986.67 ","($1,637.34)",,,349.33,,,,,0
3771 Sunflower Street,349.33,,"3771 Sunflower Street  Lexington, KY","$1,986.67 ","($1,637.34)",,,349.33,,,,,0
3772 Sunflower Street,349.33,,"3772 Sunflower Street  Lexington, KY","$1,986.67 ","($1,637.34)",,,349.33,,,,,0
4128 Needlerush Drive,9539.43,,"4128 Needlerush Drive  Lexington, KY","$14,434.36 ","($4,894.93)",credits stmwtr=4455.14; open=439.79,2320.17,3915.81,1843.93,1456.83,,2.69,0
4132 Needlerush Drive,9539.43,,"4132 Needlerush Drive  Lexington, KY","$14,434.36 ","($4,894.93)",credits stmwtr=4455.14; open=439.79,2320.17,3915.81,1843.93,1456.83,,2.69,0
4141 Needlerush Drive,9539.43,,"4141 Needlerush Drive  Lexington, KY","$14,434.36 ","($4,894.93)",credits stmwtr=4455.14; open=439.79,2320.17,3915.81,1843.93,1456.83,,2.69,0
4145 Needlerush Drive,9539.43,,"4145 Needlerush Drive  Lexington, KY","$14,434.36 ","($4,894.93)",credits stmwtr=4455.14; open=439.79,2320.17,3915.81,1843.93,1456.83,,2.69,0
4756 Larkhill Lane,9539.43,,"4756 Larkhill Lane  Lexington, KY","$14,434.36 ","($4,894.93)",credits stmwtr=4455.14; open=439.79,2320.17,3915.81,1843.93,1456.83,,2.69,0
444 Weston Park,1849.89,,"444 Weston Park  Lexington, KY","$7,245.25 ","($5,395.36)",credits swr trans=$1417.51; swr cap=439.82;roads=1256.80;parks=226.35;stmwtr=1653.55;open=401.33,284.47,27.28,222.87,339.77,975.5,,0
454 Weston Park,1849.89,,"454 Weston Park  Lexington, KY","$7,245.25 ","($5,395.36)",credits swr trans=$1417.51; swr cap=439.82;roads=1256.80;parks=226.35;stmwtr=1653.55;open=401.33,284.47,27.28,222.87,339.77,975.5,,0
456 Weston Park,1849.89,,"456 Weston Park  Lexington, KY","$7,245.25 ","($5,395.36)",credits swr trans=$1417.51; swr cap=439.82;roads=1256.80;parks=226.35;stmwtr=1653.55;open=401.33,284.47,27.28,222.87,339.77,975.5,,0
465 Weston Park,1849.89,,"465 Weston Park  Lexington, KY","$7,245.25 ","($5,395.36)",credits swr trans=$1417.51; swr cap=439.82;roads=1256.80;parks=226.35;stmwtr=1653.55;open=401.33,284.47,27.28,222.87,339.77,975.5,,0
500 Weston Park,1849.89,,"500 Weston Park  Lexington, KY","$7,245.25 ","($5,395.36)",credits swr trans=$1417.51; swr cap=439.82;roads=1256.80;parks=226.35;stmwtr=1653.55;open=401.33,284.47,27.28,222.87,339.77,975.5,,0
1000 Polo Club Boulevard,21768,,"1000 Polo Club Boulevard  Lexington, KY","$36,180.85 ","($14,412.85)",,,21768,,,,,0
1500 Fitzgerald Court,340951.74,,"1500 Fitzgerald Court  Lexington, KY","$355,961.90 ","($15,010.16)",,,164726.84,176224.9,,,,0